1,James,Smith,1970-01-01,2021-06-27
2,Sally,Brown,1999-05-01,2021-06-27
3,Jimi,Hendrix,1942-11-27,2021-06-27
4,James,Smith,1970-01-01,2021-06-27
5,Sally,Brown,1999-05-01,2021-06-27
6,Jimi,Hendrix,1942-11-27,2021-06-27
7,James,Smith,1970-01-01,2021-06-27
8,Sally,Brown,1999-05-01,2021-06-27
9,Jimi,Hendrix,1942-11-27,2021-06-27
10,James,Smith,1970-01-01,2021-06-27
11,Sally,Brown,1999-05-01,2021-06-27
12,Jimi,Hendrix,1942-11-27,2021-06-27
13,John,Black,1980-05-01,2021-06-27
14,James,Smith,1970-01-01,2021-06-27
15,Sally,Brown,1999-05-01,2021-06-27
16,Jimi,Hendrix,1942-11-27,2021-06-27
17,John,Black,1980-05-01,2021-06-27
18,James,Smith,1970-01-01,2021-06-27
19,Sally,Brown,1999-05-01,2021-06-27
20,Jimi,Hendrix,1942-11-27,2021-06-27
